CREATE TABLE categoria (
	codigo BIGINT(20) PRIMARY KEY AUTO_INCREMENT,
	nome VARCHAR(50) NOT NULL
) ENGINE=InnoDB DEFAULT CHARSET=utf8;

INSERT INTO categoria (nome) values ('Lazer');
INSERT INTO categoria (nome) values ('Alimentação');
INSERT INTO categoria (nome) values ('Supermercado');
INSERT INTO categoria (nome) values ('Farmácia');
INSERT INTO categoria (nome) values ('Outros');

CREATE TABLE pessoa (
	codigo BIGINT(20) PRIMARY KEY AUTO_INCREMENT,
	nome VARCHAR(50) NOT NULL,
	logradouro VARCHAR(30),
	numero VARCHAR(30),
	complemento VARCHAR(30),
	bairro VARCHAR(30),
	cep VARCHAR(30),
	cidade VARCHAR(30),
	estado VARCHAR(30),
	ativo BOOLEAN NOT NULL
) ENGINE=InnoDB DEFAULT CHARSET=utf8;

INSERT INTO pessoa (nome, logradouro, numero, complemento, bairro, cep, cidade, estado, ativo) values ('João Silva', 'Rua do Abacaxi', '10', null, 'Brasil', '38.400-12', 'Uberlândia', 'MG', true);
INSERT INTO pessoa (nome, logradouro, numero, complemento, bairro, cep, cidade, estado, ativo) values ('Maria Rita', 'Rua do Sabiá', '110', 'Apto 101', 'Colina', '11.400-12', 'Ribeirão Preto', 'SP', true);
INSERT INTO pessoa (nome, logradouro, numero, complemento, bairro, cep, cidade, estado, ativo) values ('Pedro Santos', 'Rua da Bateria', '23', null, 'Morumbi', '54.212-12', 'Goiânia', 'GO', true);
INSERT INTO pessoa (nome, logradouro, numero, complemento, bairro, cep, cidade, estado, ativo) values ('Ricardo Pereira', 'Rua do Motorista', '123', 'Apto 302', 'Aparecida', '38.400-12', 'Salvador', 'BA', true);
INSERT INTO pessoa (nome, logradouro, numero, complemento, bairro, cep, cidade, estado, ativo) values ('Josué Mariano', 'Av Rio Branco', '321', null, 'Jardins', '56.400-12', 'Natal', 'RN', true);
INSERT INTO pessoa (nome, logradouro, numero, complemento, bairro, cep, cidade, estado, ativo) values ('Pedro Barbosa', 'Av Brasil', '100', null, 'Tubalina', '77.400-12', 'Porto Alegre', 'RS', true);
INSERT INTO pessoa (nome, logradouro, numero, complemento, bairro, cep, cidade, estado, ativo) values ('Henrique Medeiros', 'Rua do Sapo', '1120', 'Apto 201', 'Centro', '12.400-12', 'Rio de Janeiro', 'RJ', true);
INSERT INTO pessoa (nome, logradouro, numero, complemento, bairro, cep, cidade, estado, ativo) values ('Carlos Santana', 'Rua da Manga', '433', null, 'Centro', '31.400-12', 'Belo Horizonte', 'MG', true);
INSERT INTO pessoa (nome, logradouro, numero, complemento, bairro, cep, cidade, estado, ativo) values ('Leonardo Oliveira', 'Rua do Músico', '566', null, 'Segismundo Pereira', '38.400-00', 'Uberlândia', 'MG', true);
INSERT INTO pessoa (nome, logradouro, numero, complemento, bairro, cep, cidade, estado, ativo) values ('Isabela Martins', 'Rua da Terra', '1233', 'Apto 10', 'Vigilato', '99.400-12', 'Manaus', 'AM', true);

CREATE TABLE lancamento (
	codigo BIGINT(20) PRIMARY KEY AUTO_INCREMENT,
	descricao VARCHAR(50) NOT NULL,
	data_vencimento DATE NOT NULL,
	data_pagamento DATE,
	valor DECIMAL(10,2) NOT NULL,
	observacao VARCHAR(100),
	tipo VARCHAR(20) NOT NULL,
	codigo_categoria BIGINT(20) NOT NULL,
	codigo_pessoa BIGINT(20) NOT NULL,
	FOREIGN KEY (codigo_categoria) REFERENCES categoria(codigo),
	FOREIGN KEY (codigo_pessoa) REFERENCES pessoa(codigo)
) ENGINE=InnoDB DEFAULT CHARSET=utf8;

ALTER TABLE lancamento ADD COLUMN anexo VARCHAR(200);

INSERT INTO lancamento (descricao, data_vencimento, data_pagamento, valor, observacao, tipo, codigo_categoria, codigo_pessoa) values ('Salário mensal', '2021-06-10', null, 6500.00, 'Distribuição de lucros', 'RECEITA', 1, 1);
INSERT INTO lancamento (descricao, data_vencimento, data_pagamento, valor, observacao, tipo, codigo_categoria, codigo_pessoa) values ('Bahamas', '2021-02-10', '2021-02-10', 100.32, null, 'DESPESA', 2, 2);
INSERT INTO lancamento (descricao, data_vencimento, data_pagamento, valor, observacao, tipo, codigo_categoria, codigo_pessoa) values ('Top Club', '2021-06-10', null, 120, null, 'RECEITA', 3, 3);
INSERT INTO lancamento (descricao, data_vencimento, data_pagamento, valor, observacao, tipo, codigo_categoria, codigo_pessoa) values ('CEMIG', '2021-02-10', '2021-02-10', 110.44, 'Geração', 'RECEITA', 3, 4);
INSERT INTO lancamento (descricao, data_vencimento, data_pagamento, valor, observacao, tipo, codigo_categoria, codigo_pessoa) values ('DMAE', '2021-06-10', null, 200.30, null, 'DESPESA', 3, 5);
INSERT INTO lancamento (descricao, data_vencimento, data_pagamento, valor, observacao, tipo, codigo_categoria, codigo_pessoa) values ('Extra', '2021-03-10', '2021-03-10', 1010.32, null, 'RECEITA', 4, 6);
INSERT INTO lancamento (descricao, data_vencimento, data_pagamento, valor, observacao, tipo, codigo_categoria, codigo_pessoa) values ('Bahamas', '2021-06-10', null, 500, null, 'RECEITA', 1, 7);
INSERT INTO lancamento (descricao, data_vencimento, data_pagamento, valor, observacao, tipo, codigo_categoria, codigo_pessoa) values ('Top Club', '2021-03-10', '2021-03-10', 400.32, null, 'DESPESA', 4, 8);
INSERT INTO lancamento (descricao, data_vencimento, data_pagamento, valor, observacao, tipo, codigo_categoria, codigo_pessoa) values ('Despachante', '2021-06-10', null, 123.64, 'Multas', 'DESPESA', 3, 9);
INSERT INTO lancamento (descricao, data_vencimento, data_pagamento, valor, observacao, tipo, codigo_categoria, codigo_pessoa) values ('Pneus', '2021-04-10', '2021-04-10', 665.33, null, 'RECEITA', 5, 10);
INSERT INTO lancamento (descricao, data_vencimento, data_pagamento, valor, observacao, tipo, codigo_categoria, codigo_pessoa) values ('Café', '2021-06-10', null, 8.32, null, 'DESPESA', 1, 5);
INSERT INTO lancamento (descricao, data_vencimento, data_pagamento, valor, observacao, tipo, codigo_categoria, codigo_pessoa) values ('Eletrônicos', '2021-04-10', '2021-04-10', 2100.32, null, 'DESPESA', 5, 4);
INSERT INTO lancamento (descricao, data_vencimento, data_pagamento, valor, observacao, tipo, codigo_categoria, codigo_pessoa) values ('Instrumentos', '2021-06-10', null, 1040.32, null, 'DESPESA', 4, 3);
INSERT INTO lancamento (descricao, data_vencimento, data_pagamento, valor, observacao, tipo, codigo_categoria, codigo_pessoa) values ('Café', '2021-04-10', '2021-04-10', 4.32, null, 'DESPESA', 4, 2);
INSERT INTO lancamento (descricao, data_vencimento, data_pagamento, valor, observacao, tipo, codigo_categoria, codigo_pessoa) values ('Lanche', '2021-06-10', null, 10.20, null, 'DESPESA', 4, 1);

CREATE TABLE usuario (
	codigo BIGINT(20) PRIMARY KEY,
	nome VARCHAR(50) NOT NULL,
	email VARCHAR(50) NOT NULL,
	senha VARCHAR(150) NOT NULL
) ENGINE=InnoDB DEFAULT CHARSET=utf8;

CREATE TABLE permissao (
	codigo BIGINT(20) PRIMARY KEY,
	descricao VARCHAR(50) NOT NULL
) ENGINE=InnoDB DEFAULT CHARSET=utf8;

CREATE TABLE usuario_permissao (
	codigo_usuario BIGINT(20) NOT NULL,
	codigo_permissao BIGINT(20) NOT NULL,
	PRIMARY KEY (codigo_usuario, codigo_permissao),
	FOREIGN KEY (codigo_usuario) REFERENCES usuario(codigo),
	FOREIGN KEY (codigo_permissao) REFERENCES permissao(codigo)
) ENGINE=InnoDB DEFAULT CHARSET=utf8;

INSERT INTO usuario (codigo, nome, email, senha) values (1, 'Administrador', 'admin@algamoney.com', '$2a$10$X607ZPhQ4EgGNaYKt3n4SONjIv9zc.VMWdEuhCuba7oLAL5IvcL5.');
INSERT INTO usuario (codigo, nome, email, senha) values (2, 'Maria Silva', 'maria@algamoney.com', '$2a$10$Zc3w6HyuPOPXamaMhh.PQOXvDnEsadztbfi6/RyZWJDzimE8WQjaq');

INSERT INTO permissao (codigo, descricao) values (1, 'ROLE_CADASTRAR_CATEGORIA');
INSERT INTO permissao (codigo, descricao) values (2, 'ROLE_PESQUISAR_CATEGORIA');

INSERT INTO permissao (codigo, descricao) values (3, 'ROLE_CADASTRAR_PESSOA');
INSERT INTO permissao (codigo, descricao) values (4, 'ROLE_REMOVER_PESSOA');
INSERT INTO permissao (codigo, descricao) values (5, 'ROLE_PESQUISAR_PESSOA');

INSERT INTO permissao (codigo, descricao) values (6, 'ROLE_CADASTRAR_LANCAMENTO');
INSERT INTO permissao (codigo, descricao) values (7, 'ROLE_REMOVER_LANCAMENTO');
INSERT INTO permissao (codigo, descricao) values (8, 'ROLE_PESQUISAR_LANCAMENTO');

-- admin
INSERT INTO usuario_permissao (codigo_usuario, codigo_permissao) values (1, 1);
INSERT INTO usuario_permissao (codigo_usuario, codigo_permissao) values (1, 2);
INSERT INTO usuario_permissao (codigo_usuario, codigo_permissao) values (1, 3);
INSERT INTO usuario_permissao (codigo_usuario, codigo_permissao) values (1, 4);
INSERT INTO usuario_permissao (codigo_usuario, codigo_permissao) values (1, 5);
INSERT INTO usuario_permissao (codigo_usuario, codigo_permissao) values (1, 6);
INSERT INTO usuario_permissao (codigo_usuario, codigo_permissao) values (1, 7);
INSERT INTO usuario_permissao (codigo_usuario, codigo_permissao) values (1, 8);

-- maria
INSERT INTO usuario_permissao (codigo_usuario, codigo_permissao) values (2, 2);
INSERT INTO usuario_permissao (codigo_usuario, codigo_permissao) values (2, 5);
INSERT INTO usuario_permissao (codigo_usuario, codigo_permissao) values (2, 8);

CREATE TABLE contato (
  codigo BIGINT(20) PRIMARY KEY AUTO_INCREMENT,
	codigo_pessoa BIGINT(20) NOT NULL,
	nome VARCHAR(50) NOT NULL,
	email VARCHAR(100) NOT NULL,
	telefone VARCHAR(20) NOT NULL,
  FOREIGN KEY (codigo_pessoa) REFERENCES pessoa(codigo)
) ENGINE=InnoDB DEFAULT CHARSET=utf8;

insert into contato (codigo, codigo_pessoa, nome, email, telefone) values (1, 1, 'Marcos Henrique', 'marcos@algamoney.com', '00 0000-0000');

CREATE TABLE estado (
	codigo BIGINT(20) PRIMARY KEY AUTO_INCREMENT,
	nome VARCHAR(50) NOT NULL
) ENGINE=InnoDB DEFAULT CHARSET=utf8;

INSERT INTO estado (codigo, nome) VALUES(1, 'Acre');
INSERT INTO estado (codigo, nome) VALUES(2, 'Alagoas');
INSERT INTO estado (codigo, nome) VALUES(3, 'Amazonas');
INSERT INTO estado (codigo, nome) VALUES(4, 'Amapá');
INSERT INTO estado (codigo, nome) VALUES(5, 'Bahia');
INSERT INTO estado (codigo, nome) VALUES(6, 'Ceará');
INSERT INTO estado (codigo, nome) VALUES(7, 'Distrito Federal');
INSERT INTO estado (codigo, nome) VALUES(8, 'Espírito Santo');
INSERT INTO estado (codigo, nome) VALUES(9, 'Goiás');
INSERT INTO estado (codigo, nome) VALUES(10, 'Maranhão');
INSERT INTO estado (codigo, nome) VALUES(11, 'Minas Gerais');
INSERT INTO estado (codigo, nome) VALUES(12, 'Mato Grosso do Sul');
INSERT INTO estado (codigo, nome) VALUES(13, 'Mato Grosso');
INSERT INTO estado (codigo, nome) VALUES(14, 'Pará');
INSERT INTO estado (codigo, nome) VALUES(15, 'Paraíba');
INSERT INTO estado (codigo, nome) VALUES(16, 'Pernambuco');
INSERT INTO estado (codigo, nome) VALUES(17, 'Piauí');
INSERT INTO estado (codigo, nome) VALUES(18, 'Paraná');
INSERT INTO estado (codigo, nome) VALUES(19, 'Rio de Janeiro');
INSERT INTO estado (codigo, nome) VALUES(20, 'Rio Grande do Norte');
INSERT INTO estado (codigo, nome) VALUES(21, 'Rondônia');
INSERT INTO estado (codigo, nome) VALUES(22, 'Roraima');
INSERT INTO estado (codigo, nome) VALUES(23, 'Rio Grande do Sul');
INSERT INTO estado (codigo, nome) VALUES(24, 'Santa Catarina');
INSERT INTO estado (codigo, nome) VALUES(25, 'Sergipe');
INSERT INTO estado (codigo, nome) VALUES(26, 'São Paulo');
INSERT INTO estado (codigo, nome) VALUES(27, 'Tocantins');

CREATE TABLE cidade (
	codigo BIGINT(20) PRIMARY KEY AUTO_INCREMENT,
	nome VARCHAR(50) NOT NULL,
  codigo_estado BIGINT(20) NOT NULL,
  FOREIGN KEY (codigo_estado) REFERENCES estado(codigo)
) ENGINE=InnoDB DEFAULT CHARSET=utf8;

INSERT INTO cidade (codigo, nome, codigo_estado) VALUES (1, 'Belo Horizonte', 11);
INSERT INTO cidade (codigo, nome, codigo_estado) VALUES (2, 'Uberlândia', 11);
INSERT INTO cidade (codigo, nome, codigo_estado) VALUES (3, 'Uberaba', 11);
INSERT INTO cidade (codigo, nome, codigo_estado) VALUES (4, 'São Paulo', 26);
INSERT INTO cidade (codigo, nome, codigo_estado) VALUES (5, 'Campinas', 26);
INSERT INTO cidade (codigo, nome, codigo_estado) VALUES (6, 'Rio de Janeiro', 19);
INSERT INTO cidade (codigo, nome, codigo_estado) VALUES (7, 'Angra dos Reis', 19);
INSERT INTO cidade (codigo, nome, codigo_estado) VALUES (8, 'Goiânia', 9);
INSERT INTO cidade (codigo, nome, codigo_estado) VALUES (9, 'Caldas Novas', 9);

ALTER TABLE pessoa DROP COLUMN cidade;
ALTER TABLE pessoa DROP COLUMN estado;
ALTER TABLE pessoa ADD COLUMN codigo_cidade BIGINT(20);
ALTER TABLE pessoa ADD CONSTRAINT fk_pessoa_cidade FOREIGN KEY (codigo_cidade) REFERENCES cidade(codigo);

UPDATE pessoa SET codigo_cidade = 2;